Time_UTC, Temperature_C,Temperature_QC_Flag,Temperature_Count
2019-06-14T12:00:00.000Z,18.81147603,7,79654
2019-06-15T12:00:00.000Z,18.17931915,7,85525
2019-06-16T12:00:00.000Z,17.07158547,7,85597
2019-06-17T12:00:00.000Z,16.21721532,7,85532
2019-06-18T12:00:00.000Z, NaN,6,9456
2019-06-19T12:00:00.000Z, NaN,9,0
2019-06-20T12:00:00.000Z, NaN,6,3186
2019-06-21T12:00:00.000Z,16.54054943,7,85084
2019-06-22T12:00:00.000Z,16.0004584,7,85137
2019-06-23T12:00:00.000Z,15.99598764,7,85037
2019-06-24T12:00:00.000Z,15.42818746,7,85355
2019-06-25T12:00:00.000Z,15.23516434,7,85385
2019-06-26T12:00:00.000Z,15.02149029,7,85376
2019-06-27T12:00:00.000Z,15.29208052,7,85152
2019-06-28T12:00:00.000Z,13.25610466,7,85939
2019-06-29T12:00:00.000Z,13.98634726,7,85767
2019-06-30T12:00:00.000Z,14.16465285,7,85634
2019-07-01T12:00:00.000Z,14.72355469,7,85338
2019-07-02T12:00:00.000Z,15.4795145,7,84932
2019-07-03T12:00:00.000Z,15.20864525,7,84863
2019-07-04T12:00:00.000Z,14.74139178,7,85109
2019-07-05T12:00:00.000Z,14.6149163,7,85132
2019-07-06T12:00:00.000Z,14.52693915,7,85160
2019-07-07T12:00:00.000Z,14.6620614,7,85124
2019-07-08T12:00:00.000Z,14.60457523,7,85174
2019-07-09T12:00:00.000Z,15.10470653,7,84834
2019-07-10T12:00:00.000Z,15.68371703,7,84714
2019-07-11T12:00:00.000Z,15.39725749,7,84852
2019-07-12T12:00:00.000Z,16.0320065,7,84634
2019-07-13T12:00:00.000Z,16.25438937,7,84775
2019-07-14T12:00:00.000Z,16.76160331,7,84689
2019-07-15T12:00:00.000Z,17.41383031,7,84825
2019-07-16T12:00:00.000Z,17.43063389,7,84603
2019-07-17T12:00:00.000Z,17.04865024,7,84995
2019-07-18T12:00:00.000Z,15.55591653,7,85243
2019-07-19T12:00:00.000Z,15.26087512,7,85365
2019-07-20T12:00:00.000Z,15.1588007,7,85455
2019-07-21T12:00:00.000Z,16.27157256,7,84854
2019-07-22T12:00:00.000Z,16.67168077,7,84668
2019-07-23T12:00:00.000Z,16.18296658,7,84853
2019-07-24T12:00:00.000Z,15.74166216,7,85033
2019-07-25T12:00:00.000Z,15.71433892,7,84946
2019-07-26T12:00:00.000Z,15.98135309,7,84864
2019-07-27T12:00:00.000Z,14.74632908,7,85478
2019-07-28T12:00:00.000Z,15.79433177,7,85020
2019-07-29T12:00:00.000Z,17.66472126,7,84946
2019-07-30T12:00:00.000Z,18.55241567,7,84948
2019-07-31T12:00:00.000Z,17.87295229,7,84797
2019-08-01T12:00:00.000Z,16.93956674,7,84636
2019-08-02T12:00:00.000Z,15.46222199,7,85372
2019-08-03T12:00:00.000Z,15.17160127,7,85441
2019-08-04T12:00:00.000Z,14.83528963,7,85529
2019-08-05T12:00:00.000Z,14.55446858,7,85597
2019-08-06T12:00:00.000Z,16.35196672,7,84680
2019-08-07T12:00:00.000Z,17.31089351,7,84773
2019-08-08T12:00:00.000Z,17.45546254,7,84815
2019-08-09T12:00:00.000Z,16.49125365,7,85164
2019-08-10T12:00:00.000Z,15.861802,7,84955
2019-08-11T12:00:00.000Z,15.2125947,7,85341
2019-08-12T12:00:00.000Z,15.17234364,7,85255
2019-08-13T12:00:00.000Z,14.9240383,7,85320
2019-08-14T12:00:00.000Z,15.43447633,7,84941
2019-08-15T12:00:00.000Z,15.80767432,7,84752
2019-08-16T12:00:00.000Z,16.90611787,7,84766
2019-08-17T12:00:00.000Z,18.12333387,7,84790
2019-08-18T12:00:00.000Z,18.02885825,7,84676
2019-08-19T12:00:00.000Z,17.00977735,7,84900
2019-08-20T12:00:00.000Z,15.49501379,7,85378
2019-08-21T12:00:00.000Z,14.59512772,7,85825
2019-08-22T12:00:00.000Z,14.16166398,7,86063
2019-08-23T12:00:00.000Z,14.50905114,7,85829
2019-08-24T12:00:00.000Z,15.0219895,7,85620
2019-08-25T12:00:00.000Z,15.63052719,7,85273
2019-08-26T12:00:00.000Z,16.7678632,7,85172
2019-08-27T12:00:00.000Z,17.09386549,7,85492
2019-08-28T12:00:00.000Z,17.23843675,7,85193
2019-08-29T12:00:00.000Z,17.31912176,7,84609
2019-08-30T12:00:00.000Z,16.83063724,7,84680
2019-08-31T12:00:00.000Z,15.62361231,7,85318
2019-09-01T12:00:00.000Z,15.02874778,7,85805
2019-09-02T12:00:00.000Z,14.53230191,7,86066
2019-09-03T12:00:00.000Z,14.72001006,7,85691
2019-09-04T12:00:00.000Z,14.586739,7,85494
2019-09-05T12:00:00.000Z,14.84052197,7,84999
2019-09-06T12:00:00.000Z,15.55068203,7,85295
2019-09-07T12:00:00.000Z,15.84928882,7,85307
2019-09-08T12:00:00.000Z,16.05522299,7,85491
2019-09-09T12:00:00.000Z,14.94342773,7,85105
2019-09-10T12:00:00.000Z,14.75250719,7,85003
2019-09-11T12:00:00.000Z,14.80957464,7,85605
2019-09-12T12:00:00.000Z,14.32138071,7,85824
2019-09-13T12:00:00.000Z,13.40664562,7,84898
2019-09-14T12:00:00.000Z,13.12571372,7,85833
2019-09-15T12:00:00.000Z,12.24445289,7,85824
2019-09-16T12:00:00.000Z,12.6626546,7,85851
2019-09-17T12:00:00.000Z,12.70844486,7,85828
2019-09-18T12:00:00.000Z,12.32417337,7,85722
2019-09-19T12:00:00.000Z,12.82925546,7,85803
2019-09-20T12:00:00.000Z,13.35057413,7,85580
2019-09-21T12:00:00.000Z,13.64635507,7,84766
2019-09-22T12:00:00.000Z,13.8157854,7,85532
2019-09-23T12:00:00.000Z,13.46382366,7,85121
2019-09-24T12:00:00.000Z,13.23381895,7,85706
2019-09-25T12:00:00.000Z,13.42176857,7,84835
2019-09-26T12:00:00.000Z,13.33605793,7,84898
2019-09-27T12:00:00.000Z,13.46502374,7,84757
2019-09-28T12:00:00.000Z,13.4204116,7,84704
2019-09-29T12:00:00.000Z,13.22577861,7,84774
2019-09-30T12:00:00.000Z,13.03172087,7,85324
2019-10-01T12:00:00.000Z,12.91587759,7,85348
2019-10-02T12:00:00.000Z,12.82343357,7,84577
2019-10-03T12:00:00.000Z,12.73222912,7,84627
2019-10-04T12:00:00.000Z,12.59096459,7,85372
2019-10-05T12:00:00.000Z,12.57523794,7,85229
2019-10-06T12:00:00.000Z,12.43902368,7,85238
2019-10-07T12:00:00.000Z,12.11204294,7,85201
2019-10-08T12:00:00.000Z, NaN,6,58763
2019-10-08T12:00:00.000Z, NaN,6,2814
2019-10-09T12:00:00.000Z,11.97454492,7,84746
2019-10-10T12:00:00.000Z,11.86338068,7,84692
2019-10-11T12:00:00.000Z,11.60631542,7,84632
2019-10-12T12:00:00.000Z,11.67371556,7,84646
2019-10-13T12:00:00.000Z,11.6598709,7,84572
2019-10-14T12:00:00.000Z,11.66455752,7,84608
2019-10-15T12:00:00.000Z,11.61775178,7,84585
2019-10-16T12:00:00.000Z,11.41823051,7,84679
2019-10-17T12:00:00.000Z,11.16033148,7,84693
2019-10-18T12:00:00.000Z,11.16561082,7,84616
2019-10-19T12:00:00.000Z,11.42287681,7,84581
2019-10-20T12:00:00.000Z,11.30838255,7,84538
2019-10-21T12:00:00.000Z,11.01393696,7,84567
2019-10-22T12:00:00.000Z,10.77198147,7,69421
2019-10-23T12:00:00.000Z,10.9853276,7,84542
2019-10-24T12:00:00.000Z,10.89791809,7,84839
2019-10-25T12:00:00.000Z,10.89744972,7,84798
2019-10-26T12:00:00.000Z,10.92893429,7,85194
2019-10-27T12:00:00.000Z,10.77944517,7,85457
2019-10-28T12:00:00.000Z,10.66305504,7,85053
2019-10-29T12:00:00.000Z,10.53846144,7,85112
2019-10-30T12:00:00.000Z,10.38681512,7,84969
2019-10-31T12:00:00.000Z,10.33827538,7,85075
2019-11-01T12:00:00.000Z,10.34934599,7,85099
2019-11-02T12:00:00.000Z,10.41744416,7,84987
2019-11-03T12:00:00.000Z,10.40194938,7,84930
2019-11-04T12:00:00.000Z,10.36455992,7,84894
2019-11-05T12:00:00.000Z,10.45560209,7,84748
2019-11-06T12:00:00.000Z,10.46842055,7,84737
2019-11-07T12:00:00.000Z,10.44352103,7,84893
2019-11-08T12:00:00.000Z,10.3839564,7,84941
2019-11-09T12:00:00.000Z,10.27702225,7,85053
2019-11-10T12:00:00.000Z,10.33204501,7,84740
2019-11-11T12:00:00.000Z,10.34229618,7,84700
2019-11-12T12:00:00.000Z,10.29346774,7,84858
2019-11-13T12:00:00.000Z,10.30665452,7,84806
2019-11-14T12:00:00.000Z,10.2906852,7,84867
2019-11-15T12:00:00.000Z,10.32109033,7,84823
2019-11-16T12:00:00.000Z,10.32995906,7,84739
2019-11-17T12:00:00.000Z,10.19177515,7,78894
2019-11-18T12:00:00.000Z,10.24724549,7,85608
2019-11-19T12:00:00.000Z,10.34078217,7,85422
2019-11-20T12:00:00.000Z,10.30975388,7,85116
2019-11-21T12:00:00.000Z,10.26722487,7,85317
2019-11-22T12:00:00.000Z,10.12815375,7,85372
2019-11-23T12:00:00.000Z,9.861037747,7,85467
2019-11-24T12:00:00.000Z,9.868652444,7,84893
2019-11-25T12:00:00.000Z,9.834787033,7,85316
2019-11-26T12:00:00.000Z,9.546295203,7,85818
2019-11-27T12:00:00.000Z,9.232826551,7,85826
2019-11-28T12:00:00.000Z,8.806315527,7,85859
2019-11-29T12:00:00.000Z,8.752350855,7,85899
2019-11-30T12:00:00.000Z,8.736880606,7,85910
2019-12-01T12:00:00.000Z,8.683075258,7,85944
2019-12-02T12:00:00.000Z,8.602899137,7,86005
2019-12-03T12:00:00.000Z,8.405741344,7,85869
2019-12-04T12:00:00.000Z,8.57325426,7,85903
2019-12-05T12:00:00.000Z,8.41103863,7,85911
2019-12-06T12:00:00.000Z,8.507762424,7,85793
2019-12-07T12:00:00.000Z,8.348248299,7,85830
2019-12-08T12:00:00.000Z,8.349973123,7,85831
2019-12-09T12:00:00.000Z,8.442616866,7,63502
2019-12-10T12:00:00.000Z, NaN,9,0
2019-12-11T12:00:00.000Z, NaN,6,17553
2019-12-12T12:00:00.000Z,8.973245594,7,85888
2019-12-13T12:00:00.000Z,8.971814318,7,85982
2019-12-14T12:00:00.000Z,8.896616888,7,85977
2019-12-15T12:00:00.000Z,8.97533259,7,86001
2019-12-16T12:00:00.000Z,9.096999682,7,85573
2019-12-17T12:00:00.000Z,9.190983456,7,85092
2019-12-18T12:00:00.000Z,9.258729244,7,70711
2019-12-19T12:00:00.000Z,9.136313566,7,85220
2019-12-20T12:00:00.000Z,9.113626448,7,85612
2019-12-21T12:00:00.000Z,8.954274296,7,85913
2019-12-22T12:00:00.000Z,9.003287528,7,85898
2019-12-23T12:00:00.000Z,8.962463454,7,85969
2019-12-24T12:00:00.000Z,8.894454802,7,85825
2019-12-25T12:00:00.000Z,8.977413322,7,85625
2019-12-26T12:00:00.000Z,8.814615877,7,85695
2019-12-27T12:00:00.000Z,8.776884153,7,85807
2019-12-28T12:00:00.000Z,8.717699364,7,85717
2019-12-29T12:00:00.000Z,8.853242575,7,85435
2019-12-30T12:00:00.000Z,8.748796205,7,85728
2019-12-31T12:00:00.000Z,8.786236488,7,61412
2020-01-01T12:00:00.000Z, NaN,9,0
2020-01-02T12:00:00.000Z, NaN,9,0
2020-01-03T12:00:00.000Z, NaN,9,0
2020-01-04T12:00:00.000Z, NaN,9,0
2020-01-05T12:00:00.000Z, NaN,9,0
2020-01-06T12:00:00.000Z, NaN,6,15940
2020-01-07T12:00:00.000Z,8.364263483,7,85291
2020-01-08T12:00:00.000Z,8.423315147,7,85378
2020-01-09T12:00:00.000Z,8.489674941,7,85611
2020-01-10T12:00:00.000Z,8.433181159,7,85321
2020-01-11T12:00:00.000Z,8.326105737,7,84713
2020-01-12T12:00:00.000Z,8.120135882,7,84798
2020-01-13T12:00:00.000Z,7.568331019,7,85067
2020-01-14T12:00:00.000Z,7.041398823,7,84710
2020-01-15T12:00:00.000Z,7.057599771,7,84557
2020-01-16T12:00:00.000Z, NaN,6,35549
2020-01-17T12:00:00.000Z,7.509107651,7,76091
2020-01-18T12:00:00.000Z,7.181705954,7,85045
2020-01-19T12:00:00.000Z,7.721884964,7,85809
2020-01-20T12:00:00.000Z,7.874219779,7,85638
2020-01-21T12:00:00.000Z,7.842101453,7,85163
2020-01-22T12:00:00.000Z,7.736629304,7,84953
2020-01-23T12:00:00.000Z,7.812875333,7,85446
2020-01-24T12:00:00.000Z,7.987657269,7,85603
2020-01-25T12:00:00.000Z,7.9899231,7,85609
2020-01-26T12:00:00.000Z,8.049089939,7,73146
2020-01-27T12:00:00.000Z,8.053085701,7,85823
2020-01-28T12:00:00.000Z,7.99621328,7,85881
2020-01-29T12:00:00.000Z,7.944444302,7,85657
2020-01-30T12:00:00.000Z,7.94958328,7,64851
2020-01-31T12:00:00.000Z,7.865433522,7,85455
2020-02-01T12:00:00.000Z,7.948954106,7,85452
2020-02-02T12:00:00.000Z,7.849635196,7,84933
2020-02-03T12:00:00.000Z,7.675326953,7,85127
2020-02-04T12:00:00.000Z,7.16593746,7,84975
2020-02-05T12:00:00.000Z,7.468497388,7,85070
2020-02-06T12:00:00.000Z,7.334765763,7,84615
2020-02-07T12:00:00.000Z,7.310063629,7,84606
2020-02-08T12:00:00.000Z,7.424842448,7,84769
2020-02-09T12:00:00.000Z,7.212088182,7,84776
2020-02-10T12:00:00.000Z,7.401889924,7,84697
2020-02-11T12:00:00.000Z,7.482496504,7,61758
2020-02-12T12:00:00.000Z, NaN,6,22428
2020-02-13T12:00:00.000Z,7.564921999,7,85041
2020-02-14T12:00:00.000Z,7.614591899,7,85314
2020-02-15T12:00:00.000Z,7.587230295,7,85146
2020-02-16T12:00:00.000Z,7.587498231,7,85243
2020-02-17T12:00:00.000Z,7.565090371,7,84848
2020-02-18T12:00:00.000Z,7.542299865,7,84976
2020-02-19T12:00:00.000Z,7.544857198,7,85034
2020-02-20T12:00:00.000Z,7.442007195,7,85049
2020-02-21T12:00:00.000Z,7.239221641,7,84644
2020-02-22T12:00:00.000Z,7.158222933,7,84597
2020-02-23T12:00:00.000Z,7.305572122,7,84784
2020-02-24T12:00:00.000Z,7.475637625,7,85068
2020-02-25T12:00:00.000Z,7.423404455,7,84741
2020-02-26T12:00:00.000Z,7.502442253,7,85035
2020-02-27T12:00:00.000Z,7.552829249,7,85154
2020-02-28T12:00:00.000Z,7.691535152,7,85613
2020-02-29T12:00:00.000Z,7.703302706,7,85670
2020-03-01T12:00:00.000Z,7.601407427,7,85130
2020-03-02T12:00:00.000Z,7.573325764,7,85003
2020-03-03T12:00:00.000Z,7.537163997,7,84890
2020-03-04T12:00:00.000Z,7.53277319,7,85050
2020-03-05T12:00:00.000Z,7.582136762,7,85278
2020-03-06T12:00:00.000Z,7.530777425,7,85245
2020-03-07T12:00:00.000Z,7.5814287,7,85020
2020-03-08T12:00:00.000Z,7.381297086,7,84708
2020-03-09T12:00:00.000Z,7.491258264,7,84818
2020-03-10T12:00:00.000Z,7.615344341,7,85241
2020-03-11T12:00:00.000Z,7.624267538,7,85392
2020-03-12T12:00:00.000Z,7.612940175,7,84893
2020-03-13T12:00:00.000Z,7.620887552,7,74615
2020-03-14T12:00:00.000Z, NaN,9,0
2020-03-15T12:00:00.000Z, NaN,9,0
2020-03-16T12:00:00.000Z, NaN,9,0
2020-03-17T12:00:00.000Z, NaN,6,20543
2020-03-18T12:00:00.000Z,7.605343787,7,85178
2020-03-19T12:00:00.000Z,7.730651475,7,85143
2020-03-20T12:00:00.000Z,7.833638415,7,85371
2020-03-21T12:00:00.000Z,7.959061509,7,85412
2020-03-22T12:00:00.000Z,8.299782114,7,85485
2020-03-23T12:00:00.000Z,7.983327273,7,85057
2020-03-24T12:00:00.000Z,7.825906197,7,84928
2020-03-25T12:00:00.000Z,8.016199633,7,85318
2020-03-26T12:00:00.000Z,8.303798077,7,85498
2020-03-27T12:00:00.000Z,8.113879247,7,84837
2020-03-28T12:00:00.000Z,8.046238819,7,85216
2020-03-29T12:00:00.000Z,8.13519872,7,85618
2020-03-30T12:00:00.000Z,8.213229265,7,85890
2020-03-31T12:00:00.000Z,8.312817411,7,85997
2020-04-01T12:00:00.000Z,8.399422668,7,85649
2020-04-02T12:00:00.000Z,8.547508048,7,85087
2020-04-03T12:00:00.000Z,8.465647402,7,84917
2020-04-04T12:00:00.000Z,8.469747288,7,85469
2020-04-05T12:00:00.000Z,8.42717383,7,85501
2020-04-06T12:00:00.000Z,8.735592162,7,84820
2020-04-07T12:00:00.000Z,8.813326979,7,84655
2020-04-08T12:00:00.000Z,9.204858837,7,84700
2020-04-09T12:00:00.000Z,9.139267224,7,85182
2020-04-10T12:00:00.000Z,9.402381139,7,85653
2020-04-11T12:00:00.000Z,9.763746112,7,85412
2020-04-12T12:00:00.000Z,10.17558009,7,85453
2020-04-13T12:00:00.000Z,9.816152229,7,85311
2020-04-14T12:00:00.000Z,9.624151873,7,85309
2020-04-15T12:00:00.000Z,9.894892752,7,61138
2020-04-16T12:00:00.000Z,10.4461402,7,84608
2020-04-17T12:00:00.000Z,10.24073592,7,84723
2020-04-18T12:00:00.000Z,10.17895149,7,84806
2020-04-19T12:00:00.000Z,10.3604808,7,85258
2020-04-20T12:00:00.000Z,10.28387736,7,85396
2020-04-21T12:00:00.000Z,10.25978605,7,84477
2020-04-22T12:00:00.000Z,9.98267932,7,84650
2020-04-23T12:00:00.000Z,9.816689507,7,84805
2020-04-24T12:00:00.000Z,9.876383424,7,84779
2020-04-25T12:00:00.000Z,9.714609451,7,85263
2020-04-26T12:00:00.000Z,9.507498363,7,85303
2020-04-27T12:00:00.000Z,9.285147128,7,85370
2020-04-28T12:00:00.000Z,9.407676084,7,85367
2020-04-29T12:00:00.000Z,9.267420128,7,85464
2020-04-30T12:00:00.000Z,9.27755572,7,84849
2020-05-01T12:00:00.000Z,9.438945658,7,84942
2020-05-02T12:00:00.000Z,9.451610695,7,84779
2020-05-03T12:00:00.000Z,9.394671479,7,84954
2020-05-04T12:00:00.000Z,9.49627954,7,84853
2020-05-05T12:00:00.000Z,9.712565761,7,84635
2020-05-06T12:00:00.000Z,9.831686913,7,84518
2020-05-07T12:00:00.000Z,10.28491456,7,84560
2020-05-08T12:00:00.000Z,10.54483982,7,84871
2020-05-09T12:00:00.000Z,11.15814096,7,85218
2020-05-10T12:00:00.000Z,11.93325937,7,85376
2020-05-11T12:00:00.000Z,12.28678887,7,85090
2020-05-12T12:00:00.000Z,12.26755021,7,84813
2020-05-13T12:00:00.000Z,11.7513065,7,85303
2020-05-14T12:00:00.000Z,11.23872041,7,85975
2020-05-15T12:00:00.000Z,11.54018299,7,85895
2020-05-16T12:00:00.000Z,11.5350781,7,85202
2020-05-17T12:00:00.000Z,11.356954,7,85220
2020-05-18T12:00:00.000Z,11.46076574,7,85410
2020-05-19T12:00:00.000Z,12.55519892,7,85595
2020-05-20T12:00:00.000Z,13.84072738,7,84976
2020-05-21T12:00:00.000Z,15.05121034,7,78278
2020-05-22T12:00:00.000Z,15.56803762,7,85526
2020-05-23T12:00:00.000Z,15.45638186,7,85463
2020-05-24T12:00:00.000Z,14.40730529,7,85208
2020-05-25T12:00:00.000Z,13.40138575,7,84629
2020-05-26T12:00:00.000Z,13.28253459,7,85038
2020-05-27T12:00:00.000Z,13.94589135,7,85946
2020-05-28T12:00:00.000Z,14.05339377,7,85587
2020-05-29T12:00:00.000Z,14.65719823,7,85539
2020-05-30T12:00:00.000Z,15.48807372,7,85445
2020-05-31T12:00:00.000Z,15.63450865,7,85779
2020-06-01T12:00:00.000Z,15.89255207,7,85485
2020-06-02T12:00:00.000Z,15.16670848,7,84961
2020-06-03T12:00:00.000Z,13.42944393,7,85500
2020-06-04T12:00:00.000Z,13.86334824,7,85611
2020-06-05T12:00:00.000Z,13.86193305,7,85216
2020-06-06T12:00:00.000Z,14.48041747,7,85576
2020-06-07T12:00:00.000Z,14.50687268,7,84896
2020-06-08T12:00:00.000Z,15.24552178,7,84814
2020-06-09T12:00:00.000Z,14.69523496,7,85145
2020-06-10T12:00:00.000Z,13.62447293,7,84940
2020-06-11T12:00:00.000Z,13.42405086,7,85165
2020-06-12T12:00:00.000Z,13.15840749,7,85130
2020-06-13T12:00:00.000Z,12.76745075,7,85148
2020-06-14T12:00:00.000Z,13.5449658,7,85441
2020-06-15T12:00:00.000Z,13.50015491,7,85358
2020-06-16T12:00:00.000Z,13.26866523,7,84877
2020-06-17T12:00:00.000Z,14.55373901,7,84874
2020-06-18T12:00:00.000Z,16.11820315,7,85304
2020-06-19T12:00:00.000Z,16.52947603,7,84570
2020-06-20T12:00:00.000Z,15.15472168,7,85443
2020-06-21T12:00:00.000Z,14.86381266,7,85310
2020-06-22T12:00:00.000Z,14.57484502,7,84565
2020-06-23T12:00:00.000Z,14.06522566,7,84797
2020-06-24T12:00:00.000Z,14.6025174,7,84869
2020-06-25T12:00:00.000Z,15.8723501,7,84714
2020-06-26T12:00:00.000Z,17.26858233,7,84755
2020-06-27T12:00:00.000Z,17.08563156,7,85828
2020-06-28T12:00:00.000Z,17.32881019,7,85879
2020-06-29T12:00:00.000Z,17.69807733,7,85833
2020-06-30T12:00:00.000Z,17.68142873,7,85694
2020-07-01T12:00:00.000Z,17.99494398,7,85459
2020-07-02T12:00:00.000Z,17.20501179,7,84932
2020-07-03T12:00:00.000Z,14.48155215,7,84652
2020-07-04T12:00:00.000Z,13.99918413,7,84500
2020-07-05T12:00:00.000Z,14.18325591,7,84550
2020-07-06T12:00:00.000Z,14.25242639,7,84701
2020-07-07T12:00:00.000Z,14.69744211,7,84781
2020-07-08T12:00:00.000Z,14.54592612,7,85001
2020-07-09T12:00:00.000Z,14.65159014,7,85286
2020-07-10T12:00:00.000Z,14.61123222,7,85440
2020-07-11T12:00:00.000Z,14.42719915,7,85327
2020-07-12T12:00:00.000Z,14.31715344,7,85318
2020-07-13T12:00:00.000Z,15.67551511,7,85482
2020-07-14T12:00:00.000Z,16.46420702,7,85267
2020-07-15T12:00:00.000Z,17.85454362,7,85540
2020-07-16T12:00:00.000Z,18.31068378,7,85645
2020-07-17T12:00:00.000Z,18.60486558,7,85749
2020-07-18T12:00:00.000Z,19.31946368,7,85707
2020-07-19T12:00:00.000Z,19.66616914,7,85864
2020-07-20T12:00:00.000Z,19.8617887,7,85932
2020-07-21T12:00:00.000Z,19.47757346,7,85589
2020-07-22T12:00:00.000Z,18.28278468,7,84832
2020-07-23T12:00:00.000Z,17.0218248,7,84557
2020-07-24T12:00:00.000Z,16.36693461,7,84541
2020-07-25T12:00:00.000Z,16.30726592,7,84594
2020-07-26T12:00:00.000Z,17.32226374,7,84686
2020-07-27T12:00:00.000Z,18.23244342,7,84943
2020-07-28T12:00:00.000Z,19.09312672,7,84903
2020-07-29T12:00:00.000Z,19.22794328,7,84863
2020-07-30T12:00:00.000Z,19.11574788,7,85233
2020-07-31T12:00:00.000Z,18.62344165,7,85378
2020-08-01T12:00:00.000Z,16.6040726,7,85363
2020-08-02T12:00:00.000Z,16.03245116,7,85493
2020-08-03T12:00:00.000Z,15.06575687,7,85323
2020-08-04T12:00:00.000Z,14.99046119,7,85526
2020-08-05T12:00:00.000Z,16.8991102,7,85948
2020-08-06T12:00:00.000Z,17.08356432,7,85981
2020-08-07T12:00:00.000Z,17.97598143,7,85980
2020-08-08T12:00:00.000Z,16.3198906,7,85861
2020-08-09T12:00:00.000Z,16.72422394,7,85922
2020-08-10T12:00:00.000Z,17.64363363,7,85985
2020-08-11T12:00:00.000Z,18.39382405,7,85961
2020-08-12T12:00:00.000Z,18.16197181,7,85825
2020-08-13T12:00:00.000Z,18.05150781,7,85669
2020-08-14T12:00:00.000Z,17.84992086,7,85773
2020-08-15T12:00:00.000Z,17.65969615,7,85849
2020-08-16T12:00:00.000Z,17.20650273,7,85903
2020-08-17T12:00:00.000Z,16.4167817,7,85900
2020-08-18T12:00:00.000Z,15.30045515,7,85912
2020-08-19T12:00:00.000Z,14.69970104,7,85863
2020-08-20T12:00:00.000Z,14.17100418,7,85762
2020-08-21T12:00:00.000Z,13.68950906,7,85491
2020-08-22T12:00:00.000Z,13.07014892,7,85346
2020-08-23T12:00:00.000Z,13.34311099,7,85389
2020-08-24T12:00:00.000Z,14.32333905,7,85682
2020-08-25T12:00:00.000Z,16.19471983,7,85745
2020-08-26T12:00:00.000Z,16.97991058,7,85781
2020-08-27T12:00:00.000Z,17.1438983,7,85868
2020-08-28T12:00:00.000Z,17.02545056,7,85901
2020-08-29T12:00:00.000Z,16.93608874,7,85924
2020-08-30T12:00:00.000Z,17.07121683,7,85937
2020-08-31T12:00:00.000Z,16.53086326,7,85856
2020-09-01T12:00:00.000Z,16.4060296,7,75156
2020-09-02T12:00:00.000Z,16.09154732,7,85412
2020-09-03T12:00:00.000Z,15.81157948,7,84659
2020-09-04T12:00:00.000Z,15.68957594,7,84564
2020-09-05T12:00:00.000Z,15.49803369,7,84905
2020-09-06T12:00:00.000Z,14.83290862,7,84892
2020-09-07T12:00:00.000Z,14.88120832,7,85271
2020-09-08T12:00:00.000Z,15.69979243,7,85848
2020-09-09T12:00:00.000Z,16.29022441,7,85828
2020-09-10T12:00:00.000Z,16.60536423,7,85744
2020-09-11T12:00:00.000Z,16.58655569,7,85484
2020-09-12T12:00:00.000Z,15.86953516,7,85790
2020-09-13T12:00:00.000Z,15.36999354,7,85690
2020-09-14T12:00:00.000Z,14.43824713,7,85347
2020-09-15T12:00:00.000Z,14.12920668,7,85147
2020-09-16T12:00:00.000Z,13.9470963,7,85070
2020-09-17T12:00:00.000Z,13.70352033,7,85027
2020-09-18T12:00:00.000Z,13.67989678,7,85112
2020-09-19T12:00:00.000Z,13.3278873,7,84926
2020-09-20T12:00:00.000Z,13.30482559,7,85003
2020-09-21T12:00:00.000Z,12.90929028,7,84896
2020-09-22T12:00:00.000Z,12.44548304,7,83935
2020-09-23T12:00:00.000Z,12.25903753,7,84793
2020-09-24T12:00:00.000Z,11.8697506,7,84820
2020-09-25T12:00:00.000Z,11.88971434,7,71892
2020-09-26T12:00:00.000Z,12.22707177,7,84827
2020-09-27T12:00:00.000Z,12.46639659,7,84811
2020-09-28T12:00:00.000Z,12.42695266,7,84880
2020-09-29T12:00:00.000Z,12.72932943,7,84797
2020-09-30T12:00:00.000Z,13.13465536,7,84805
2020-10-01T12:00:00.000Z,13.7617319,7,84810
2020-10-02T12:00:00.000Z,14.14756785,7,84798
2020-10-03T12:00:00.000Z,14.25030227,7,84788
2020-10-04T12:00:00.000Z,14.09129004,7,84701
2020-10-05T12:00:00.000Z,13.94645872,7,84728
2020-10-06T12:00:00.000Z,13.9489969,7,84894
2020-10-07T12:00:00.000Z,14.06539513,7,84914
2020-10-08T12:00:00.000Z,14.3488795,7,85080
2020-10-09T12:00:00.000Z,13.70059078,7,85019
2020-10-10T12:00:00.000Z,12.57425275,7,84784
2020-10-11T12:00:00.000Z,12.68351221,7,84741
2020-10-12T12:00:00.000Z,12.16046844,7,84501
2020-10-13T12:00:00.000Z,12.3730942,7,65098
2020-10-14T12:00:00.000Z,12.00465124,7,84572
2020-10-15T12:00:00.000Z,12.34952023,7,84452
2020-10-16T12:00:00.000Z,11.79259826,7,84498
2020-10-17T12:00:00.000Z,11.85727822,7,84523
2020-10-18T12:00:00.000Z,11.77980503,7,84795
2020-10-19T12:00:00.000Z,11.74057604,7,84769
2020-10-20T12:00:00.000Z,11.64707125,7,84688
2020-10-21T12:00:00.000Z,11.54217173,7,84861
2020-10-22T12:00:00.000Z,11.48946686,7,85265
2020-10-23T12:00:00.000Z,11.28513385,7,85024
2020-10-24T12:00:00.000Z,11.02224375,7,84936
2020-10-25T12:00:00.000Z,10.70887342,7,85739
2020-10-26T12:00:00.000Z,10.62028534,7,85683
2020-10-27T12:00:00.000Z,10.54491856,7,85506
2020-10-28T12:00:00.000Z,10.71173796,7,85006
2020-10-29T12:00:00.000Z,10.82049059,7,84815
2020-10-30T12:00:00.000Z,10.85135269,7,84668
2020-10-31T12:00:00.000Z,10.86870571,7,84647
2020-11-01T12:00:00.000Z,10.8252674,7,84886
2020-11-02T12:00:00.000Z,10.73535734,7,85172
2020-11-03T12:00:00.000Z,10.63594878,7,85010
2020-11-04T12:00:00.000Z,10.63426387,7,84738
2020-11-05T12:00:00.000Z,10.72444077,7,85060
2020-11-06T12:00:00.000Z,10.58922799,7,85541
2020-11-07T12:00:00.000Z,10.20866732,7,85659
2020-11-08T12:00:00.000Z,10.10709661,7,85944
2020-11-09T12:00:00.000Z,10.02990293,7,86111
2020-11-10T12:00:00.000Z,9.806793172,7,85709
2020-11-11T12:00:00.000Z,9.711447623,7,85828
2020-11-12T12:00:00.000Z,9.581538615,7,85949
2020-11-13T12:00:00.000Z,9.578891613,7,85763
2020-11-14T12:00:00.000Z,9.608909904,7,85834
2020-11-15T12:00:00.000Z,9.404180956,7,85826
2020-11-16T12:00:00.000Z,9.418549665,7,85884
2020-11-17T12:00:00.000Z,9.430312642,7,85846
2020-11-18T12:00:00.000Z,9.384443589,7,65381
2020-11-19T12:00:00.000Z,9.419347317,7,85921
2020-11-20T12:00:00.000Z,9.357602174,7,85941
2020-11-21T12:00:00.000Z,9.495773973,7,85826
2020-11-22T12:00:00.000Z,9.56205852,7,85841
2020-11-23T12:00:00.000Z,9.440177746,7,85824
2020-11-24T12:00:00.000Z,9.372516873,7,76171
2020-11-25T12:00:00.000Z,9.309341992,7,85860
2020-11-26T12:00:00.000Z,9.183731248,7,85822
2020-11-27T12:00:00.000Z,9.17043658,7,85830
2020-11-28T12:00:00.000Z,9.139170928,7,85889
2020-11-29T12:00:00.000Z,9.070979766,7,85731
2020-11-30T12:00:00.000Z,9.024870022,7,85733
2020-12-01T12:00:00.000Z,8.958500671,7,85606
2020-12-02T12:00:00.000Z,8.847138012,7,85316
2020-12-03T12:00:00.000Z,8.754233704,7,85349
2020-12-04T12:00:00.000Z,8.726721046,7,85469
2020-12-05T12:00:00.000Z,8.713148797,7,85376
2020-12-06T12:00:00.000Z,8.729497105,7,85534
2020-12-07T12:00:00.000Z,8.749529914,7,85747
2020-12-08T12:00:00.000Z,8.882322484,7,80106
2020-12-09T12:00:00.000Z,8.930222093,7,85784
2020-12-10T12:00:00.000Z,8.887063653,7,85677
2020-12-11T12:00:00.000Z,8.893627915,7,85605
2020-12-12T12:00:00.000Z,8.783593594,7,85139
2020-12-13T12:00:00.000Z,8.65586739,7,85306
2020-12-14T12:00:00.000Z,8.606198471,7,85418
2020-12-15T12:00:00.000Z,8.595495939,7,85449
2020-12-16T12:00:00.000Z,8.708792661,7,85721
2020-12-17T12:00:00.000Z,8.786155098,7,85833
2020-12-18T12:00:00.000Z,8.628356862,7,85300
2020-12-19T12:00:00.000Z,8.653552102,7,85534
2020-12-20T12:00:00.000Z,8.428935466,7,84790
2020-12-21T12:00:00.000Z,8.501832992,7,84651
2020-12-22T12:00:00.000Z,7.969383221,7,84939
2020-12-23T12:00:00.000Z,8.100396553,7,84655
2020-12-24T12:00:00.000Z,7.982773313,7,84569
2020-12-25T12:00:00.000Z,7.877031926,7,84656
2020-12-26T12:00:00.000Z,7.810257908,7,84538
2020-12-27T12:00:00.000Z,8.136077424,7,84916
2020-12-28T12:00:00.000Z,8.156796823,7,84852
2020-12-29T12:00:00.000Z,8.072240295,7,84619
2020-12-30T12:00:00.000Z,8.174436174,7,85106
2020-12-31T12:00:00.000Z,8.366087235,7,85523
2021-01-01T12:00:00.000Z,8.265220778,7,84938
2021-01-02T12:00:00.000Z,8.44950306,7,85657
2021-01-03T12:00:00.000Z,8.37232788,7,85284
2021-01-04T12:00:00.000Z,8.326407891,7,85004
2021-01-05T12:00:00.000Z,8.305741414,7,84869
2021-01-06T12:00:00.000Z,8.299504392,7,85312
2021-01-07T12:00:00.000Z,8.136043044,7,84453
2021-01-08T12:00:00.000Z,8.19339364,7,84509
2021-01-09T12:00:00.000Z,8.196976215,7,84482
2021-01-10T12:00:00.000Z,8.204020625,7,84840
2021-01-11T12:00:00.000Z,8.238725479,7,85311
2021-01-12T12:00:00.000Z,8.34579637,7,85533
2021-01-13T12:00:00.000Z,8.298124925,7,84868
2021-01-14T12:00:00.000Z, NaN,6,54657
2021-01-15T12:00:00.000Z,8.184526446,7,84799
2021-01-16T12:00:00.000Z,8.154357693,7,84663
2021-01-17T12:00:00.000Z,8.096926425,7,84816
2021-01-18T12:00:00.000Z,8.143354576,7,84739
2021-01-19T12:00:00.000Z,8.089977771,7,84579
2021-01-20T12:00:00.000Z,8.103013119,7,84651
2021-01-21T12:00:00.000Z,7.975792171,7,84566
2021-01-22T12:00:00.000Z,7.874888713,7,84534
2021-01-23T12:00:00.000Z,7.736576103,7,84506
2021-01-24T12:00:00.000Z,7.599226442,7,84511
2021-01-25T12:00:00.000Z,7.46601491,7,70639
2021-01-26T12:00:00.000Z, NaN,9,0
2021-01-27T12:00:00.000Z, NaN,6,10020
2021-01-28T12:00:00.000Z,7.443949258,7,84506
2021-01-29T12:00:00.000Z,7.400701575,7,84484
2021-01-30T12:00:00.000Z,7.662788516,7,84817
2021-01-31T12:00:00.000Z,7.819507693,7,85205
2021-02-01T12:00:00.000Z,7.86031616,7,85199
2021-02-02T12:00:00.000Z,7.880003843,7,84993
2021-02-03T12:00:00.000Z,7.868093676,7,85010
2021-02-04T12:00:00.000Z,7.78679423,7,84778
2021-02-05T12:00:00.000Z,7.748055498,7,84665
2021-02-06T12:00:00.000Z,7.7404089,7,84571
2021-02-07T12:00:00.000Z,7.66028506,7,84524
2021-02-08T12:00:00.000Z,7.566650935,7,84535
2021-02-09T12:00:00.000Z,7.333161655,7,84604
2021-02-10T12:00:00.000Z,7.12317081,7,84759
2021-02-11T12:00:00.000Z,6.745646786,7,85153
2021-02-12T12:00:00.000Z,6.335433406,7,85545
2021-02-13T12:00:00.000Z,6.688350183,7,84888
2021-02-14T12:00:00.000Z,7.025753753,7,84414
2021-02-15T12:00:00.000Z,7.000582736,7,84413
2021-02-16T12:00:00.000Z,6.873133687,7,84483
2021-02-17T12:00:00.000Z,7.074101104,7,84383
2021-02-18T12:00:00.000Z,7.048564903,7,84189
2021-02-19T12:00:00.000Z,6.854668631,7,84437
2021-02-20T12:00:00.000Z,7.04732612,7,84476
2021-02-21T12:00:00.000Z,7.275611195,7,84866
2021-02-22T12:00:00.000Z,7.496145368,7,85014
2021-02-23T12:00:00.000Z,7.394446041,7,84594
2021-02-24T12:00:00.000Z,7.336348395,7,84504
2021-02-25T12:00:00.000Z,7.286031783,7,85017
2021-02-26T12:00:00.000Z,7.429246458,7,84775
2021-02-27T12:00:00.000Z,7.321707378,7,84449
2021-02-28T12:00:00.000Z,7.38169682,7,84620
2021-03-01T12:00:00.000Z, NaN,6,44920
2021-03-02T12:00:00.000Z,7.704283455,7,85404
2021-03-03T12:00:00.000Z,7.622240153,7,85297
2021-03-04T12:00:00.000Z,7.621205978,7,85312
2021-03-05T12:00:00.000Z,7.676723273,7,85420
2021-03-06T12:00:00.000Z,7.791179457,7,85631
2021-03-07T12:00:00.000Z,7.757465292,7,85524
2021-03-08T12:00:00.000Z,7.843799381,7,85639
2021-03-09T12:00:00.000Z,7.755551775,7,85345
2021-03-10T12:00:00.000Z,7.782640618,7,85128
2021-03-11T12:00:00.000Z,7.91387508,7,85314
2021-03-12T12:00:00.000Z,7.958521379,7,85600
2021-03-13T12:00:00.000Z,7.950334745,7,85534
2021-03-14T12:00:00.000Z,8.040212041,7,85785
2021-03-15T12:00:00.000Z,7.940014894,7,85703
2021-03-16T12:00:00.000Z,7.96763265,7,85181
2021-03-17T12:00:00.000Z,7.968221805,7,85371
2021-03-18T12:00:00.000Z,7.997293462,7,85558
2021-03-19T12:00:00.000Z,7.886324752,7,85662
2021-03-20T12:00:00.000Z,7.880603977,7,85736
2021-03-21T12:00:00.000Z,7.976310508,7,85100
2021-03-22T12:00:00.000Z,7.942809587,7,85470
2021-03-23T12:00:00.000Z,8.119219517,7,85396
2021-03-24T12:00:00.000Z,8.148182968,7,85457
2021-03-25T12:00:00.000Z,8.200795661,7,85604
2021-03-26T12:00:00.000Z,8.422971342,7,85373
2021-03-27T12:00:00.000Z,8.405504969,7,85646
2021-03-28T12:00:00.000Z,8.201596941,7,85908
2021-03-29T12:00:00.000Z,8.108188337,7,85652
2021-03-30T12:00:00.000Z,8.202612053,7,85456
2021-03-31T12:00:00.000Z,8.244038119,7,85718
2021-04-01T12:00:00.000Z,8.231647617,7,85891
2021-04-02T12:00:00.000Z,8.302123056,7,85916
2021-04-03T12:00:00.000Z,8.300587041,7,85889
2021-04-04T12:00:00.000Z,8.358736537,7,85909
2021-04-05T12:00:00.000Z,8.857819539,7,85743
2021-04-06T12:00:00.000Z,8.916508996,7,85878
2021-04-07T12:00:00.000Z,8.626686681,7,85877
2021-04-08T12:00:00.000Z,8.550089124,7,85870
2021-04-09T12:00:00.000Z,8.914315228,7,85897
2021-04-10T12:00:00.000Z,8.400885917,7,85813
2021-04-11T12:00:00.000Z,8.636914079,7,85991
2021-04-12T12:00:00.000Z,8.830407618,7,85901
2021-04-13T12:00:00.000Z,8.850889347,7,85837
2021-04-14T12:00:00.000Z,9.052814571,7,85309
2021-04-15T12:00:00.000Z,9.295012267,7,84516
2021-04-16T12:00:00.000Z,9.458620398,7,85219
2021-04-17T12:00:00.000Z,9.596384294,7,84306
2021-04-18T12:00:00.000Z,9.814694562,7,84649
2021-04-19T12:00:00.000Z,9.932130322,7,84199
2021-04-20T12:00:00.000Z,9.912677843,7,84747
2021-04-21T12:00:00.000Z,10.13791284,7,84751
2021-04-22T12:00:00.000Z,11.01491471,7,84744
2021-04-23T12:00:00.000Z,11.6518284,7,84810
2021-04-24T12:00:00.000Z,11.4176522,7,84456
2021-04-25T12:00:00.000Z,11.00862158,7,84440
2021-04-26T12:00:00.000Z,10.70748009,7,84033
2021-04-27T12:00:00.000Z,10.68427125,7,84939
2021-04-28T12:00:00.000Z,10.31254981,7,84622
2021-04-29T12:00:00.000Z,9.492971104,7,85313
2021-04-30T12:00:00.000Z,9.509348426,7,84980
2021-05-01T12:00:00.000Z,9.436040585,7,85194
2021-05-02T12:00:00.000Z,10.03778995,7,84959
2021-05-03T12:00:00.000Z,10.02290832,7,84896
2021-05-04T12:00:00.000Z,9.759162191,7,60649
2021-05-05T12:00:00.000Z,10.28802723,7,84552
2021-05-06T12:00:00.000Z,10.65273425,7,84492
2021-05-07T12:00:00.000Z,10.22235024,7,84695
2021-05-08T12:00:00.000Z,10.47377898,7,84525
2021-05-09T12:00:00.000Z,10.33711591,7,84636
2021-05-10T12:00:00.000Z,10.7566108,7,84269
2021-05-11T12:00:00.000Z,11.81326622,7,84655
2021-05-12T12:00:00.000Z,11.91387205,7,84724
2021-05-13T12:00:00.000Z,12.22770374,7,84931
2021-05-14T12:00:00.000Z,13.5580838,7,85406
2021-05-15T12:00:00.000Z,14.32176823,7,85547
2021-05-16T12:00:00.000Z,14.30998175,7,85619
2021-05-17T12:00:00.000Z,14.37043036,7,85825
2021-05-18T12:00:00.000Z,13.17425064,7,85362
2021-05-19T12:00:00.000Z,13.06958576,7,85277
2021-05-20T12:00:00.000Z,13.24335459,7,85328
2021-05-21T12:00:00.000Z,13.08095516,7,85488
2021-05-22T12:00:00.000Z,13.07739986,7,85745
2021-05-23T12:00:00.000Z,13.01327138,7,85743
2021-05-24T12:00:00.000Z,13.07827776,7,85799
2021-05-25T12:00:00.000Z,12.36491433,7,85517
2021-05-26T12:00:00.000Z,12.39085883,7,85558
2021-05-27T12:00:00.000Z,10.57732541,7,84629
2021-05-28T12:00:00.000Z,10.50930454,7,84593
2021-05-29T12:00:00.000Z,11.24523652,7,84863
2021-05-30T12:00:00.000Z,11.19794773,7,84894
2021-05-31T12:00:00.000Z,11.76949973,7,84900
2021-06-01T12:00:00.000Z,12.95792611,7,84953
2021-06-02T12:00:00.000Z,14.39216105,7,85016
2021-06-03T12:00:00.000Z,14.51226584,7,85064
2021-06-04T12:00:00.000Z,15.23915121,7,85216
2021-06-05T12:00:00.000Z,13.10978954,7,85095
2021-06-06T12:00:00.000Z,13.54374031,7,84856
2021-06-07T12:00:00.000Z,13.03165173,7,85136
2021-06-08T12:00:00.000Z,12.70954715,7,85259
2021-06-09T12:00:00.000Z,12.9748231,7,85321
2021-06-10T12:00:00.000Z,12.77242172,7,85260
2021-06-11T12:00:00.000Z,12.52449483,7,85179
2021-06-12T12:00:00.000Z,12.10934397,7,85061
2021-06-13T12:00:00.000Z,12.03174083,7,85045
2021-06-14T12:00:00.000Z,12.4361734,7,84547
2021-06-15T12:00:00.000Z, NaN,6,57116
2021-06-16T12:00:00.000Z, NaN,9,0
2021-06-17T12:00:00.000Z, NaN,9,0
2021-06-18T12:00:00.000Z, NaN,9,0
2021-06-19T12:00:00.000Z, NaN,9,0
2021-06-20T12:00:00.000Z, NaN,9,0
2021-06-21T12:00:00.000Z, NaN,9,0
2021-06-22T12:00:00.000Z, NaN,9,0
2021-06-23T12:00:00.000Z, NaN,9,0
2021-06-24T12:00:00.000Z, NaN,9,0
2021-06-25T12:00:00.000Z, NaN,9,0
2021-06-26T12:00:00.000Z, NaN,9,0
2021-06-27T12:00:00.000Z, NaN,9,0
2021-06-28T12:00:00.000Z, NaN,9,0
2021-06-29T12:00:00.000Z, NaN,9,0
2021-06-30T12:00:00.000Z, NaN,9,0
2021-07-01T12:00:00.000Z, NaN,9,0
2021-07-02T12:00:00.000Z, NaN,9,0
2021-07-03T12:00:00.000Z, NaN,9,0
2021-07-04T12:00:00.000Z, NaN,9,0
2021-07-05T12:00:00.000Z, NaN,9,0
2021-07-06T12:00:00.000Z, NaN,9,0
2021-07-07T12:00:00.000Z, NaN,9,0
2021-07-08T12:00:00.000Z, NaN,9,0
2021-07-09T12:00:00.000Z, NaN,9,0
2021-07-10T12:00:00.000Z, NaN,9,0
2021-07-11T12:00:00.000Z, NaN,9,0
2021-07-12T12:00:00.000Z, NaN,9,0
2021-07-13T12:00:00.000Z, NaN,9,0
2021-07-14T12:00:00.000Z, NaN,9,0
2021-07-15T12:00:00.000Z, NaN,6,8185
2021-07-16T12:00:00.000Z,19.91809527,7,86399
2021-07-17T12:00:00.000Z,17.23676053,7,86401
2021-07-18T12:00:00.000Z,15.81788862,7,86402
2021-07-19T12:00:00.000Z,18.81742313,7,86400
2021-07-20T12:00:00.000Z, NaN,6,20584
2021-07-21T12:00:00.000Z, NaN,6,22652
2021-07-22T12:00:00.000Z,19.06926703,7,86400
2021-07-23T12:00:00.000Z,18.35353505,7,86401
2021-07-24T12:00:00.000Z,17.76597809,7,86402
2021-07-25T12:00:00.000Z,18.27367285,7,86401
2021-07-26T12:00:00.000Z,19.52684421,7,86399
2021-07-27T12:00:00.000Z,19.09548188,7,86400
2021-07-28T12:00:00.000Z,20.20272604,7,86398
2021-07-29T12:00:00.000Z,19.86013656,7,86399
2021-07-30T12:00:00.000Z,19.55171529,7,86399
2021-07-31T12:00:00.000Z,20.12193562,7,86399
2021-08-01T12:00:00.000Z,20.50475273,7,86398
2021-08-02T12:00:00.000Z,21.01706666,7,86397
2021-08-03T12:00:00.000Z,21.35993636,7,86398
2021-08-04T12:00:00.000Z,21.62113151,7,86399
2021-08-05T12:00:00.000Z,20.89456846,7,86398
2021-08-06T12:00:00.000Z,20.00270081,7,86399
2021-08-07T12:00:00.000Z,18.9361766,7,86401
2021-08-08T12:00:00.000Z,17.87770828,7,86401
2021-08-09T12:00:00.000Z,17.65366548,7,86402
2021-08-10T12:00:00.000Z,18.17977517,7,86401
2021-08-11T12:00:00.000Z,18.24003855,7,86401
2021-08-12T12:00:00.000Z,19.47219117,7,86400
2021-08-13T12:00:00.000Z,18.82093655,7,86401
2021-08-14T12:00:00.000Z,19.00109465,7,86400
2021-08-15T12:00:00.000Z,17.96604239,7,86402
2021-08-16T12:00:00.000Z,17.41465521,7,86401
2021-08-17T12:00:00.000Z,17.88644676,7,86402
2021-08-18T12:00:00.000Z,18.47683793,7,86401
2021-08-19T12:00:00.000Z,18.54785884,7,86401
2021-08-20T12:00:00.000Z,18.83771058,7,86401
2021-08-21T12:00:00.000Z,18.29035793,7,86402
2021-08-22T12:00:00.000Z,18.09421266,7,86401
2021-08-23T12:00:00.000Z,17.47201251,7,86402
2021-08-24T12:00:00.000Z,16.63435975,7,86402
2021-08-25T12:00:00.000Z,16.15903635,7,86401
2021-08-26T12:00:00.000Z,14.77882244,7,86402
2021-08-27T12:00:00.000Z,13.64905214,7,86402
2021-08-28T12:00:00.000Z,14.50489045,7,86402
2021-08-29T12:00:00.000Z,14.68491352,7,86402
2021-08-30T12:00:00.000Z,15.96774637,7,86401
2021-08-31T12:00:00.000Z,16.17535446,7,86337
2021-09-01T12:00:00.000Z,16.66997433,7,86402
2021-09-02T12:00:00.000Z,17.1209962,7,86402
2021-09-03T12:00:00.000Z,16.83512391,7,86402
2021-09-04T12:00:00.000Z,16.39209709,7,86401
2021-09-05T12:00:00.000Z,15.14394802,7,86287
2021-09-06T12:00:00.000Z,14.98249425,7,86402
2021-09-07T12:00:00.000Z,14.43511163,7,86402
2021-09-08T12:00:00.000Z,14.45566288,7,86402
2021-09-09T12:00:00.000Z,13.49993557,7,86402
2021-09-10T12:00:00.000Z,13.44332725,7,86402
2021-09-11T12:00:00.000Z,13.72385299,7,86401
2021-09-12T12:00:00.000Z,12.87736739,7,86402
2021-09-13T12:00:00.000Z,13.51660677,7,86402
2021-09-14T12:00:00.000Z,13.76513787,7,86402
2021-09-15T12:00:00.000Z,13.0877349,7,86402
2021-09-16T12:00:00.000Z,13.84826801,7,86158
2021-09-17T12:00:00.000Z,13.77420494,7,86402
2021-09-18T12:00:00.000Z,13.15470348,7,64494
2021-09-19T12:00:00.000Z,13.1196839,7,86402
2021-09-20T12:00:00.000Z,13.12061626,7,86402
2021-09-21T12:00:00.000Z,12.51435297,7,86402
2021-09-22T12:00:00.000Z,12.53662738,7,86401
2021-09-23T12:00:00.000Z,13.06605682,7,86402
2021-09-24T12:00:00.000Z,13.04064371,7,86402
2021-09-25T12:00:00.000Z,13.09062283,7,86402
2021-09-26T12:00:00.000Z,12.76821345,7,71955
2021-09-27T12:00:00.000Z,12.00653157,7,67326
2021-09-28T12:00:00.000Z,11.92095741,7,86402
2021-09-29T12:00:00.000Z,12.03283608,7,86402
2021-09-30T12:00:00.000Z,11.31210716,7,86402
2021-10-01T12:00:00.000Z,11.68072253,7,86402
2021-10-02T12:00:00.000Z,12.0111473,7,86401
2021-10-03T12:00:00.000Z,11.55590919,7,86403
2021-10-04T12:00:00.000Z,11.89078107,7,86401
2021-10-05T12:00:00.000Z, NaN,6,58435
2021-10-05T12:00:00.000Z, NaN,6,6681
2021-10-06T12:00:00.000Z,11.64859975,7,86360
2021-10-07T12:00:00.000Z,11.6985587,7,86402
2021-10-08T12:00:00.000Z,11.60986406,7,86402
2021-10-09T12:00:00.000Z,11.65370197,7,86402
2021-10-10T12:00:00.000Z,11.38835177,7,86402
2021-10-11T12:00:00.000Z,11.44370892,7,86402
2021-10-12T12:00:00.000Z,11.37996586,7,84626
2021-10-13T12:00:00.000Z,11.01912346,7,68927
2021-10-14T12:00:00.000Z,10.99105037,7,86402
2021-10-15T12:00:00.000Z,10.8621397,7,86402
2021-10-16T12:00:00.000Z,10.84341164,7,86402
2021-10-17T12:00:00.000Z,10.84037221,7,86402
2021-10-18T12:00:00.000Z,11.03609103,7,86402
2021-10-19T12:00:00.000Z,10.90108866,7,86402
2021-10-20T12:00:00.000Z,10.87043673,7,86402
2021-10-21T12:00:00.000Z,10.848279,7,86402
2021-10-22T12:00:00.000Z,10.78576154,7,86402
2021-10-23T12:00:00.000Z,10.80601054,7,86402
2021-10-24T12:00:00.000Z,10.72111036,7,74071
2021-10-25T12:00:00.000Z,10.612387,7,79955
2021-10-26T12:00:00.000Z,10.51994205,7,86402
2021-10-27T12:00:00.000Z,10.6494639,7,86402
2021-10-28T12:00:00.000Z,10.67430114,7,86402
2021-10-29T12:00:00.000Z,10.54938949,7,86402
2021-10-30T12:00:00.000Z,10.35109498,7,86402
2021-10-31T12:00:00.000Z,10.33478536,7,86402
2021-11-01T12:00:00.000Z,10.3118771,7,86402
2021-11-02T12:00:00.000Z,10.1670557,7,86402
2021-11-03T12:00:00.000Z,10.26979892,7,86402
2021-11-04T12:00:00.000Z,10.36637684,7,85501
2021-11-05T12:00:00.000Z,10.36838329,7,85502
2021-11-06T12:00:00.000Z,10.28597843,7,86402
2021-11-07T12:00:00.000Z,10.21275716,7,86402
2021-11-08T12:00:00.000Z,9.921609764,7,86402
2021-11-09T12:00:00.000Z,9.861112575,7,78969
2021-11-10T12:00:00.000Z,9.863905542,7,86402
2021-11-11T12:00:00.000Z,9.974346345,7,86402
2021-11-12T12:00:00.000Z,9.851530597,7,86402
2021-11-13T12:00:00.000Z,9.765756677,7,86402
2021-11-14T12:00:00.000Z,9.567997461,7,86402
2021-11-15T12:00:00.000Z,9.574044424,7,86402
2021-11-16T12:00:00.000Z,9.387447057,7,86402
2021-11-17T12:00:00.000Z,9.386902201,7,86402
2021-11-18T12:00:00.000Z,9.341519748,7,85502
2021-11-19T12:00:00.000Z,9.185584998,7,86402
2021-11-20T12:00:00.000Z,9.011407472,7,86402
2021-11-21T12:00:00.000Z,8.985409734,7,86402
2021-11-22T12:00:00.000Z,9.145402187,7,86402
2021-11-23T12:00:00.000Z,9.358505386,7,84602
2021-11-24T12:00:00.000Z,9.14291754,7,86402
2021-11-25T12:00:00.000Z,9.119316611,7,86402
2021-11-26T12:00:00.000Z,9.252257548,7,86402
2021-11-27T12:00:00.000Z,9.320722618,7,86402
2021-11-28T12:00:00.000Z,9.298118908,7,86402
2021-11-29T12:00:00.000Z,9.322973373,7,86402
2021-11-30T12:00:00.000Z,9.2626937,7,86402
2021-12-01T12:00:00.000Z,9.228670116,7,85503
2021-12-02T12:00:00.000Z,9.252241133,7,86402
2021-12-03T12:00:00.000Z,9.076044459,7,84602
2021-12-04T12:00:00.000Z,8.977451462,7,86402
2021-12-05T12:00:00.000Z,8.744071498,7,86401
2021-12-06T12:00:00.000Z,8.488651655,7,86402
2021-12-07T12:00:00.000Z,8.276962546,7,86402
2021-12-08T12:00:00.000Z,8.260600457,7,82802
2021-12-09T12:00:00.000Z,8.368738201,7,83701
2021-12-10T12:00:00.000Z,8.329054252,7,86400
2021-12-11T12:00:00.000Z,8.380400531,7,86400
2021-12-12T12:00:00.000Z,8.158520563,7,86400
2021-12-13T12:00:00.000Z,8.185691368,7,86400
2021-12-14T12:00:00.000Z,8.193941508,7,86401
2021-12-15T12:00:00.000Z,8.15609419,7,86400
2021-12-16T12:00:00.000Z,8.232714374,7,86401
2021-12-17T12:00:00.000Z,8.04589062,7,86400
2021-12-18T12:00:00.000Z,7.883080103,7,86400
2021-12-19T12:00:00.000Z,7.725286232,7,86401
2021-12-20T12:00:00.000Z,7.464569576,7,86400
2021-12-21T12:00:00.000Z,7.454543458,7,86400
2021-12-22T12:00:00.000Z,7.212214978,7,86400
2021-12-23T12:00:00.000Z,7.426211603,7,86400
2021-12-24T12:00:00.000Z,7.307016826,7,84600
2021-12-25T12:00:00.000Z,6.952721069,7,80100
2021-12-26T12:00:00.000Z,5.922982703,7,86400
2021-12-27T12:00:00.000Z,5.966146747,7,86401
2021-12-28T12:00:00.000Z,5.992418462,7,86400
2021-12-29T12:00:00.000Z,5.862053305,7,80100
2021-12-30T12:00:00.000Z,6.034550733,7,86401
2021-12-31T12:00:00.000Z,6.293543544,7,86400